image_file,title,licence,author,source
R001.jpg,File:Namaste a greetngs gesture by a local lady while meeting whom she knew at Okhaldunga Nepal IMG 3068.jpg,CC BY-SA 4.0,Sumita Roy Dutta,https://commons.wikimedia.org/wiki/File%3ANamaste_a_greetngs_gesture_by_a_local_lady_while_meeting_whom_she_knew_at_Okhaldunga_Nepal_IMG_3068.jpg
S005.jpg,File:School on a rainy day.jpg,CC BY 2.0,Vinoth Chandar,https://commons.wikimedia.org/wiki/File%3ASchool_on_a_rainy_day.jpg
S006.jpg,File:A child reading a book by Pratham Books - Flickr - Pratham Books (2).jpg,CC BY 2.0,Pratham Books from India,https://commons.wikimedia.org/wiki/File%3AA_child_reading_a_book_by_Pratham_Books_-_Flickr_-_Pratham_Books_%282%29.jpg
S007.jpg,File:Sipahh - girl.jpg,CC BY 2.0,yamada kazuyuki,https://commons.wikimedia.org/wiki/File%3ASipahh_-_girl.jpg
S008.jpg,File:Boy drinks water from glass in a cozy home environment.jpg,CC BY 2.0,Shixart1985,https://commons.wikimedia.org/wiki/File%3ABoy_drinks_water_from_glass_in_a_cozy_home_environment.jpg
S009.jpg,File:Mahima 2 years old Tamil child eating rice.jpg,CC BY-SA 4.0,Arunpandi689,https://commons.wikimedia.org/wiki/File%3AMahima_2_years_old_Tamil_child_eating_rice.jpg
S010.jpg,File:Child playing football.jpg,CC BY-SA 4.0,Ahmed Emad Hamdy,https://commons.wikimedia.org/wiki/File%3AChild_playing_football.jpg
S011.jpg,File:School Girls in India.jpg,CC BY-SA 2.0,Sandra Cohen-Rose and Colin Rose,https://commons.wikimedia.org/wiki/File%3ASchool_Girls_in_India.jpg
S014.jpg,File:Oma beim Vorlesen.jpg,CC BY-SA 4.0,Beat Ruest,https://commons.wikimedia.org/wiki/File%3AOma_beim_Vorlesen.jpg
S016.jpg,File:Spinning tire swing with child.jpg,CC BY-SA 3.0,DavidMaisel,https://commons.wikimedia.org/wiki/File%3ASpinning_tire_swing_with_child.jpg
S017.jpg,"File:Cow milking, rear view, near Mehsana, Gujarat, India.jpg",CC BY-SA 4.0,Yann Forget,https://commons.wikimedia.org/wiki/File%3ACow_milking%2C_rear_view%2C_near_Mehsana%2C_Gujarat%2C_India.jpg
S018.jpg,File:Dog guarding the door of his house.jpg,CC0,Wilfredor,https://commons.wikimedia.org/wiki/File%3ADog_guarding_the_door_of_his_house.jpg
S019.jpg,File:Cute cats drinking milk.jpg,CC BY-SA 4.0,Akashdoley13,https://commons.wikimedia.org/wiki/File%3ACute_cats_drinking_milk.jpg
S020.jpg,File:Tropical Fish Swimming Underwater (46256605951).jpg,CC BY 2.0,"Jernej Furman from Maribor, Slovenia",https://commons.wikimedia.org/wiki/File%3ATropical_Fish_Swimming_Underwater_%2846256605951%29.jpg
S021.jpg,File:Juvenile white-tailed tropicbird flying against blue sky (Niue).jpg,Public domain,Pseudopanax at English Wikipedia,https://commons.wikimedia.org/wiki/File%3AJuvenile_white-tailed_tropicbird_flying_against_blue_sky_%28Niue%29.jpg
S023.jpg,File:006 Baby rhesus macaque in Jim Corbett National Park Photo by Giles Laurent.jpg,CC BY-SA 4.0,Giles Laurent,https://commons.wikimedia.org/wiki/File%3A006_Baby_rhesus_macaque_in_Jim_Corbett_National_Park_Photo_by_Giles_Laurent.jpg
S028.jpg,File:Mangifera indica var. José.JPG,CC BY-SA 3.0,B.navez,https://commons.wikimedia.org/wiki/File%3AMangifera_indica_var._Jos%C3%A9.JPG
W001.jpg,"File:Mother and Child at Village of West Bengal,India.jpg",CC BY-SA 4.0,Sumita Roy Dutta,https://commons.wikimedia.org/wiki/File%3AMother_and_Child_at_Village_of_West_Bengal%2CIndia.jpg
W002.jpg,File:Father and Daughter - Sundarbans District - South of Kolkata - India (12355917333).jpg,CC BY-SA 2.0,"Adam Jones from Kelowna, BC, Canada",https://commons.wikimedia.org/wiki/File%3AFather_and_Daughter_-_Sundarbans_District_-_South_of_Kolkata_-_India_%2812355917333%29.jpg
W003.jpg,"File:Big brother holding little brother's hand walking home from school, Shiraz, Iran (15515926721).jpg",CC BY 2.0,"Julia Maudlin from Lake Oswego, Oregon, USA",https://commons.wikimedia.org/wiki/File%3ABig_brother_holding_little_brother%27s_hand_walking_home_from_school%2C_Shiraz%2C_Iran_%2815515926721%29.jpg
W004.jpg,File:Brother sister love.jpg,CC BY-SA 4.0,Chiku dsc,https://commons.wikimedia.org/wiki/File%3ABrother_sister_love.jpg
W005.jpg,File:Smiling little boy of Laos.jpg,CC BY-SA 4.0,Basile Morin,https://commons.wikimedia.org/wiki/File%3ASmiling_little_boy_of_Laos.jpg
W006.jpg,File:Smiling little girl Mounica.jpg,CC BY 2.0,"Pranav Yaddanapudi from Hyderabad, India",https://commons.wikimedia.org/wiki/File%3ASmiling_little_girl_Mounica.jpg
W007.jpg,File:Smiling Baby.jpg,CC BY-SA 4.0,Celebindiaworld,https://commons.wikimedia.org/wiki/File%3ASmiling_Baby.jpg
W008.jpg,File:Grandpa Smile.jpg,CC BY-SA 4.0,R. Ariharasuthan,https://commons.wikimedia.org/wiki/File%3AGrandpa_Smile.jpg
W009.jpg,File:Grandmother and daughter.jpg,CC BY-SA 4.0,Adeshrajan,https://commons.wikimedia.org/wiki/File%3AGrandmother_and_daughter.jpg
W010.jpg,File:Good Old School Friends (Unsplash).jpg,CC0,Aman Shrivastava amansks91,https://commons.wikimedia.org/wiki/File%3AGood_Old_School_Friends_%28Unsplash%29.jpg
W011.jpg,File:Cow near Bhopal India 01.jpg,CC BY-SA 4.0,Suyash Dwivedi,https://commons.wikimedia.org/wiki/File%3ACow_near_Bhopal_India_01.jpg
W012.jpg,"File:Indian pariah dog -'Shanu' in village Ghel, District Fatehgarh Sahib, Punjab.jpg",CC BY-SA 4.0,Sarbjit Bahga,https://commons.wikimedia.org/wiki/File%3AIndian_pariah_dog_-%27Shanu%27_in_village_Ghel%2C_District_Fatehgarh_Sahib%2C_Punjab.jpg
W013.jpg,File:Cat August 2010-4.jpg,CC BY-SA 3.0,Alvesgaspar,https://commons.wikimedia.org/wiki/File%3ACat_August_2010-4.jpg
W014.jpg,File:Elephas maximus (Bandipur).jpg,CC BY-SA 3.0,Yathin S Krishnappa,https://commons.wikimedia.org/wiki/File%3AElephas_maximus_%28Bandipur%29.jpg
W015.jpg,"File:Humayun, Marwari Stallion of Virendra Kankariya.jpg",Public domain,Virendra.kankariya,https://commons.wikimedia.org/wiki/File%3AHumayun%2C_Marwari_Stallion_of_Virendra_Kankariya.jpg
W016.jpg,File:Asian water buffalo (Bubalus bubalis) Yala.jpg,CC BY-SA 4.0,Charles J. Sharp,https://commons.wikimedia.org/wiki/File%3AAsian_water_buffalo_%28Bubalus_bubalis%29_Yala.jpg
W017.jpg,"File:Swaledale Sheep, Lake District, England - June 2009.jpg",CC BY-SA 3.0,User:Diliff,https://commons.wikimedia.org/wiki/File%3ASwaledale_Sheep%2C_Lake_District%2C_England_-_June_2009.jpg
W018.jpg,File:Mouse white background.jpg,Public domain,Unknown authorUnknown author (original) / Ilmari Karonen (editing),https://commons.wikimedia.org/wiki/File%3AMouse_white_background.jpg
W019.jpg,File:Carassius wild golden fish 2013 G1.jpg,Public domain,George Chernilevsky,https://commons.wikimedia.org/wiki/File%3ACarassius_wild_golden_fish_2013_G1.jpg
W020.jpg,File:House sparrow male in Prospect Park (53532).jpg,CC BY-SA 4.0,Rhododendrites,https://commons.wikimedia.org/wiki/File%3AHouse_sparrow_male_in_Prospect_Park_%2853532%29.jpg
W021.jpg,"File:Hen with chicks, Raisen district, MP, India.jpg",CC BY-SA 4.0,Yann (talk),https://commons.wikimedia.org/wiki/File%3AHen_with_chicks%2C_Raisen_district%2C_MP%2C_India.jpg
W022.jpg,File:Bengal tiger (Panthera tigris tigris) female 3 crop.jpg,CC BY-SA 4.0,Charles J. Sharp,https://commons.wikimedia.org/wiki/File%3ABengal_tiger_%28Panthera_tigris_tigris%29_female_3_crop.jpg
W023.jpg,File:Glass-of-water.jpg,Public domain,Derek Jensen (Tysto),https://commons.wikimedia.org/wiki/File%3AGlass-of-water.jpg
W025.jpg,File:Flaming wood.JPG,CC BY 3.0,Booksworm,https://commons.wikimedia.org/wiki/File%3AFlaming_wood.JPG
W026.jpg,File:Mumbai-rains.jpg,CC BY-SA 2.0,"Rakesh Krishna Kumar from Mumbai, India",https://commons.wikimedia.org/wiki/File%3AMumbai-rains.jpg
W027.jpg,File:Blue sky and sun.png,CC0,Matt R,https://commons.wikimedia.org/wiki/File%3ABlue_sky_and_sun.png
W028.jpg,File:FullMoon2010.jpg,CC BY-SA 3.0,Gregory H. Revera,https://commons.wikimedia.org/wiki/File%3AFullMoon2010.jpg
W029.jpg,File:Night Sky Stars Trees 02.jpg,CC BY-SA 3.0,Michael J. Bennett,https://commons.wikimedia.org/wiki/File%3ANight_Sky_Stars_Trees_02.jpg
W030.jpg,File:Usamljeni jasen - panoramio (cropped).jpg,CC BY-SA 3.0,menergo,https://commons.wikimedia.org/wiki/File%3AUsamljeni_jasen_-_panoramio_%28cropped%29.jpg
W031.jpg,"File:(MHNT) Hibiscus moscheutos - Red swamp rose-mallow flower - Les Martels, Giroussens Tarn.jpg",CC BY-SA 4.0,Didier Descouens,https://commons.wikimedia.org/wiki/File%3A%28MHNT%29_Hibiscus_moscheutos_-_Red_swamp_rose-mallow_flower_-_Les_Martels%2C_Giroussens_Tarn.jpg
W032.jpg,File:Lisc lipy.jpg,CC BY-SA 3.0,Krzysztof P. Jasiutowicz,https://commons.wikimedia.org/wiki/File%3ALisc_lipy.jpg
W033.jpg,File:Dry Forest SH-80 K Gudi BR Hills Karnataka May24 A7CR 00062.jpg,CC BY-SA 4.0,"This Photo was taken by Timothy A. Gonsalves. Feel free to use my photos, but pl",https://commons.wikimedia.org/wiki/File%3ADry_Forest_SH-80_K_Gudi_BR_Hills_Karnataka_May24_A7CR_00062.jpg
W034.jpg,File:Sea Waves of western Coast.jpg,CC BY-SA 4.0,Skasturee,https://commons.wikimedia.org/wiki/File%3ASea_Waves_of_western_Coast.jpg
W035.jpg,File:A bowl of rice.jpg,CC0,Douglas Perkins,https://commons.wikimedia.org/wiki/File%3AA_bowl_of_rice.jpg
W036.jpg,File:Glass of Milk (33657535532).jpg,CC BY 2.0,NIAID,https://commons.wikimedia.org/wiki/File%3AGlass_of_Milk_%2833657535532%29.jpg
W038.jpg,File:A basket of fruits.jpg,CC BY-SA 4.0,Suyash Dwivedi,https://commons.wikimedia.org/wiki/File%3AA_basket_of_fruits.jpg
W039.jpg,File:Bananas on black background 02.jpg,CC BY-SA 4.0,Krzysztof Golik,https://commons.wikimedia.org/wiki/File%3ABananas_on_black_background_02.jpg
W040.jpg,File:Curd in a traditional Manipuri earthen pot.JPG,CC BY-SA 4.0,Goumisao,https://commons.wikimedia.org/wiki/File%3ACurd_in_a_traditional_Manipuri_earthen_pot.JPG
W041.jpg,File:Würfelzucker -- 2018 -- 3564.jpg,CC BY-SA 4.0,Dietmar Rabich,https://commons.wikimedia.org/wiki/File%3AW%C3%BCrfelzucker_--_2018_--_3564.jpg
W042.jpg,"File:2020-05-08 19 34 28 Chapati being made in a pan in the Franklin Farm section of Oak Hill, Fairfax County, Virginia.jpg",CC BY-SA 4.0,Famartin,https://commons.wikimedia.org/wiki/File%3A2020-05-08_19_34_28_Chapati_being_made_in_a_pan_in_the_Franklin_Farm_section_of_Oak_Hill%2C_Fairfax_County%2C_Virginia.jpg
W044.jpg,File:Close-up photograph of the eye of a baby with reflection of the scene in the pupil.jpg,CC BY-SA 4.0,Basile Morin,https://commons.wikimedia.org/wiki/File%3AClose-up_photograph_of_the_eye_of_a_baby_with_reflection_of_the_scene_in_the_pupil.jpg
W045.jpg,File:Human right ear (cropped).jpg,CC BY-SA 4.0,Genusfotografen (Tomas Gunnarsson) / Wikimedia Sverige,https://commons.wikimedia.org/wiki/File%3AHuman_right_ear_%28cropped%29.jpg
W048.jpg,File:Right Hand Palm.png,CC BY-SA 4.0,Eyefive45,https://commons.wikimedia.org/wiki/File%3ARight_Hand_Palm.png
W049.jpg,"File:People walking on the street in Nairobi, Kenya.jpg",CC BY 4.0,AEira-WMF,https://commons.wikimedia.org/wiki/File%3APeople_walking_on_the_street_in_Nairobi%2C_Kenya.jpg
W050.jpg,File:06-10-06smile.jpg,CC BY-SA 3.0,dozenist,https://commons.wikimedia.org/wiki/File%3A06-10-06smile.jpg
W067.jpg,"File:Lowry and Denis Piers House, Fontainhas - 19th-20th century (4276312842).jpg",CC BY 2.0,urbzoo,https://commons.wikimedia.org/wiki/File%3ALowry_and_Denis_Piers_House%2C_Fontainhas_-_19th-20th_century_%284276312842%29.jpg
W068.jpg,"File:Goa, India -- Traditional-style wooden door.jpg",CC BY-SA 4.0,Fredericknoronha,https://commons.wikimedia.org/wiki/File%3AGoa%2C_India_--_Traditional-style_wooden_door.jpg
W069.jpg,File:Set of fourteen side chairs MET DP110780.jpg,CC0,Thomas Chippendale,https://commons.wikimedia.org/wiki/File%3ASet_of_fourteen_side_chairs_MET_DP110780.jpg
W070.jpg,File:An Earthen Lamp (Diya).jpg,CC BY-SA 4.0,Slyronit,https://commons.wikimedia.org/wiki/File%3AAn_Earthen_Lamp_%28Diya%29.jpg
W071.jpg,File:Old Books 01.JPG,CC0,Ch. Maderthoner,https://commons.wikimedia.org/wiki/File%3AOld_Books_01.JPG
W072.jpg,"File:Govt Primary School Ramgarh, Punjab, India.jpg",CC BY-SA 4.0,Baljinder Kaire,https://commons.wikimedia.org/wiki/File%3AGovt_Primary_School_Ramgarh%2C_Punjab%2C_India.jpg
W073.jpg,File:Pencils hb.jpg,CC BY 3.0,Original uploader was Dmgerman at en.wikipedia,https://commons.wikimedia.org/wiki/File%3APencils_hb.jpg
W074.jpg,File:Поезд на фоне горы Шатрище. Воронежская область.jpg,CC BY-SA 4.0,Алексей Задонский,https://commons.wikimedia.org/wiki/File%3A%D0%9F%D0%BE%D0%B5%D0%B7%D0%B4_%D0%BD%D0%B0_%D1%84%D0%BE%D0%BD%D0%B5_%D0%B3%D0%BE%D1%80%D1%8B_%D0%A8%D0%B0%D1%82%D1%80%D0%B8%D1%89%D0%B5._%D0%92%D0%BE%D1%80%D0%BE%D0%BD%D0%B5%D0%B6%D1%81%D0%BA%D0%B0%D1%8F_%D0%BE%D0%B1%D0%BB%D0%B0%D1%81%D1%82%D1%8C.jpg
W075.jpg,"File:School bus, Indore.jpg",CC BY-SA 3.0,Bernard Gagnon,https://commons.wikimedia.org/wiki/File%3ASchool_bus%2C_Indore.jpg
W076.jpg,File:Air India 787-8 (VT-ANB).jpg,CC BY-SA 4.0,RyanZ225 PC (aka ZhangerAviation),https://commons.wikimedia.org/wiki/File%3AAir_India_787-8_%28VT-ANB%29.jpg
W077.jpg,File:Mangos - single and halved.jpg,CC BY-SA 4.0,Ivar Leidus,https://commons.wikimedia.org/wiki/File%3AMangos_-_single_and_halved.jpg
W078.jpg,File:Red Apple.jpg,CC BY 2.0,"Abhijit Tembhekar from Mumbai, India",https://commons.wikimedia.org/wiki/File%3ARed_Apple.jpg
W079.jpg,File:Oranges - whole-halved-segment.jpg,CC BY-SA 4.0,Ivar Leidus,https://commons.wikimedia.org/wiki/File%3AOranges_-_whole-halved-segment.jpg
W080.jpg,File:Green Grape 3.jpg,Public domain,Martin Kozák,https://commons.wikimedia.org/wiki/File%3AGreen_Grape_3.jpg
W081.jpg,File:Watermelon.jpg,Public domain,USDA photo by Scott Bauer,https://commons.wikimedia.org/wiki/File%3AWatermelon.jpg
W082.jpg,File:Russet potato cultivar with sprouts.jpg,Public domain,ZooFari,https://commons.wikimedia.org/wiki/File%3ARusset_potato_cultivar_with_sprouts.jpg
W083.jpg,File:Solanum melongena 24 08 2012 (1).JPG,CC BY-SA 3.0,Joydeep,https://commons.wikimedia.org/wiki/File%3ASolanum_melongena_24_08_2012_%281%29.JPG
W084.jpg,File:Okra Lady`s Finger.jpg,CC BY-SA 4.0,SarKaLay စာကလေး,https://commons.wikimedia.org/wiki/File%3AOkra_Lady%60s_Finger.jpg
W085.jpg,File:Masala dosa 01.jpg,CC BY-SA 4.0,Marajozkee,https://commons.wikimedia.org/wiki/File%3AMasala_dosa_01.jpg
W086.jpg,File:Idli Sambar Food by Ms Ujwala Kasambe DSCN9744 (2).jpg,CC BY-SA 4.0,Dr. Raju Kasambe,https://commons.wikimedia.org/wiki/File%3AIdli_Sambar_Food_by_Ms_Ujwala_Kasambe_DSCN9744_%282%29.jpg
W087.jpg,File:Honey dripper load.jpg,CC0,Matankic,https://commons.wikimedia.org/wiki/File%3AHoney_dripper_load.jpg
W088.jpg,File:Butter block.JPG,Public domain,Meanos,https://commons.wikimedia.org/wiki/File%3AButter_block.JPG
W089.jpg,File:Bonnet Macaque HD.jpg,CC BY-SA 3.0,Augustus Binu : flickr : Instagram,https://commons.wikimedia.org/wiki/File%3ABonnet_Macaque_HD.jpg
W090.jpg,File:Rose-ringed parakeet (Psittacula krameri borealis) male Jaipur.jpg,CC BY-SA 4.0,Charles J. Sharp,https://commons.wikimedia.org/wiki/File%3ARose-ringed_parakeet_%28Psittacula_krameri_borealis%29_male_Jaipur.jpg
W091.jpg,File:Corvus splendens.jpg,CC BY 4.0,Pkspks,https://commons.wikimedia.org/wiki/File%3ACorvus_splendens.jpg
W092.jpg,File:023 Indian peafowl in Jim Corbett National Park Photo by Giles Laurent.jpg,CC BY-SA 4.0,Giles Laurent,https://commons.wikimedia.org/wiki/File%3A023_Indian_peafowl_in_Jim_Corbett_National_Park_Photo_by_Giles_Laurent.jpg
W093.jpg,File:Oryctolagus cuniculus Rcdo.jpg,CC BY 3.0,JM Ligero Loarte,https://commons.wikimedia.org/wiki/File%3AOryctolagus_cuniculus_Rcdo.jpg
W094.jpg,File:Funambulus palmarum (Bengaluru).jpg,CC BY-SA 3.0,Yathin S Krishnappa,https://commons.wikimedia.org/wiki/File%3AFunambulus_palmarum_%28Bengaluru%29.jpg
W095.jpg,File:A child in India (cropped).jpg,CC BY-SA 2.0,Harsha K R,https://commons.wikimedia.org/wiki/File%3AA_child_in_India_%28cropped%29.jpg
W096.jpg,"File:Girl with long black hair, rear view.jpg",CC BY-SA 4.0,Alex Neman,https://commons.wikimedia.org/wiki/File%3AGirl_with_long_black_hair%2C_rear_view.jpg
W097.jpg,File:Index finger = to attention.JPG,CC BY-SA 3.0,Pogrebnoj-Alexandroff,https://commons.wikimedia.org/wiki/File%3AIndex_finger_%3D_to_attention.JPG
W098.jpg,File:Cumulus clouds in Russia. img 058.jpg,CC BY-SA 4.0,Dmitry Makeev,https://commons.wikimedia.org/wiki/File%3ACumulus_clouds_in_Russia._img_058.jpg
W099.jpg,File:Kali River 620.JPG,CC BY-SA 3.0,PP Yoonus,https://commons.wikimedia.org/wiki/File%3AKali_River_620.JPG
W100.jpg,File:Cirrus uncinus clouds in the morning sky.jpg,CC BY-SA 4.0,ADARSHluck,https://commons.wikimedia.org/wiki/File%3ACirrus_uncinus_clouds_in_the_morning_sky.jpg
W101.jpg,File:Five Pebbles.jpg,CC BY 2.0,Tim Green,https://commons.wikimedia.org/wiki/File%3AFive_Pebbles.jpg
W102.jpg,File:Cozy bedroom with a large bed and simple decor in a modern home.jpg,CC BY 2.0,Shixart1985,https://commons.wikimedia.org/wiki/File%3ACozy_bedroom_with_a_large_bed_and_simple_decor_in_a_modern_home.jpg
W103.jpg,"File:Fischerkirche (window), Born a. Darß.jpg",CC BY-SA 4.0,Radomianin,https://commons.wikimedia.org/wiki/File%3AFischerkirche_%28window%29%2C_Born_a._Dar%C3%9F.jpg
W104.jpg,File:Clock at the Malching S-Bahn station 02.jpg,CC BY-SA 4.0,Kritzolina,https://commons.wikimedia.org/wiki/File%3AClock_at_the_Malching_S-Bahn_station_02.jpg
W105.jpg,File:Just a soccer ball (34782492153).jpg,CC BY 2.0,"bluesbby from Mountain View, USA",https://commons.wikimedia.org/wiki/File%3AJust_a_soccer_ball_%2834782492153%29.jpg
W106.jpg,File:Blue Business Shirt.jpg,CC BY-SA 3.0,unknown,https://commons.wikimedia.org/wiki/File%3ABlue_Business_Shirt.jpg
W107.jpg,File:Woman with a Sparkler.jpg,CC0,Framedtwinkles,https://commons.wikimedia.org/wiki/File%3AWoman_with_a_Sparkler.jpg
W108.jpg,File:Audi e-tron (Edit1).jpg,CC BY-SA 3.0,Photograph taken by: Thomas Wolf (Der Wolf im Wald) Retouched by: LiveChocolate ,https://commons.wikimedia.org/wiki/File%3AAudi_e-tron_%28Edit1%29.jpg
