language,word,english_meaning,near
kn,ಬೇರು,root,ಬೆರಳು
kn,ಮರಳು,sand,ಬೆರಳು
kn,ಹಾವು,snake,ಹೂವು
kn,ತಾಯಿ,mother,ನಾಯಿ
kn,ಕವಿ,poet,ಕಿವಿ
kn,ಹಣ,money,ಹಣ್ಣು
kn,ಹುಲ್ಲು,grass,ಹಲ್ಲು
kn,ಬೆನ್ನು,back,ಬೆಣ್ಣೆ
kn,ಮಣ್ಣು,soil,ಕಣ್ಣು
kn,ಬಾವಿ,well,ಬಾಯಿ
kn,ಕಾಯಿ,unripe fruit,ಕೈ
kn,ಹೆಸರು,name,ಹಸಿರು
kn,ಜೇಬು,pocket,ಜೇನು
kn,ಮಾವ,uncle,ಮಾವು
kn,ಅಂಗಡಿ,shop,ಅಂಗಿ
kn,ಹುಳು,worm,ಹುಲಿ
kn,ಕಾಗದ,paper,ಕಾಗೆ
kn,ಕೋಲು,stick,ಕೋಳಿ
kn,ಗೋಲಿ,marble,ಕೋಳಿ
kn,ಮೊಸಳೆ,crocodile,ಮೊಸರು
kn,ನೂರು,hundred,ನೀರು
kn,ಯಾರು,who,ಆರು
kn,ಹೇಳು,tell,ಏಳು
kn,ಹತ್ತಿ,cotton,ಹತ್ತು
kn,ಶಾಲು,shawl,ಶಾಲೆ
kn,ಬಟ್ಟೆ,cloth,ಬೆಟ್ಟ
kn,ಮಗ,son,ಮಗು
