concept_id,language,kannada_word,tulu_word,transliteration,ipa,english_meaning,image_file,category,prereq_id,difficulty,level,spoken_form,anchor_word,phrase_gloss,image_query
V01,kn,ಅ,,a,a amma,vowel a — as in ಅಮ್ಮ (mother),V01.jpg,vowels,,1,Basic,ಅ ಅಮ್ಮ,ಅಮ್ಮ,,indian mother baby
V02,kn,ಆ,,ā,ā āne,vowel ā — as in ಆನೆ (elephant),V02.jpg,vowels,V01,1,Basic,ಆ ಆನೆ,ಆನೆ,,Indian elephant
V03,kn,ಇ,,i,i ili,vowel i — as in ಇಲಿ (mouse),V03.jpg,vowels,V02,1,Basic,ಇ ಇಲಿ,ಇಲಿ,,house mouse
V04,kn,ಈ,,ī,ī īruḷḷi,vowel ī — as in ಈರುಳ್ಳಿ (onion),V04.jpg,vowels,V03,1,Basic,ಈ ಈರುಳ್ಳಿ,ಈರುಳ್ಳಿ,,onion
V05,kn,ಉ,,u,u uppu,vowel u — as in ಉಪ್ಪು (salt),V05.jpg,vowels,V04,1,Basic,ಉ ಉಪ್ಪು,ಉಪ್ಪು,,salt
V06,kn,ಊ,,ū,ū ūṭa,vowel ū — as in ಊಟ (meal),V06.jpg,vowels,V05,1,Basic,ಊ ಊಟ,ಊಟ,,Indian meal thali
V07,kn,ಋ,,r̥,r̥ r̥ṣi,vowel r̥ — as in ಋಷಿ (sage),V07.jpg,vowels,V06,1,Basic,ಋ ಋಷಿ,ಋಷಿ,,hindu sage statue
V08,kn,ಎ,,e,e ele,vowel e — as in ಎಲೆ (leaf),V08.jpg,vowels,V07,1,Basic,ಎ ಎಲೆ,ಎಲೆ,,leaf
V09,kn,ಏ,,ē,ē ēṇi,vowel ē — as in ಏಣಿ (ladder),V09.jpg,vowels,V08,1,Basic,ಏ ಏಣಿ,ಏಣಿ,,ladder
V10,kn,ಐ,,ai,ai aidu,vowel ai — as in ಐದು (five),V10.jpg,vowels,V09,1,Basic,ಐ ಐದು,ಐದು,,number five
V11,kn,ಒ,,o,o oṁṭe,vowel o — as in ಒಂಟೆ (camel),V11.jpg,vowels,V10,1,Basic,ಒ ಒಂಟೆ,ಒಂಟೆ,,camel
V12,kn,ಓ,,ō,ō ōdu,vowel ō — as in ಓದು (reading),V12.jpg,vowels,V11,1,Basic,ಓ ಓದು,ಓದು,,child reading book
V13,kn,ಔ,,au,au auṣadhi,vowel au — as in ಔಷಧಿ (medicine),V13.jpg,vowels,V12,1,Basic,ಔ ಔಷಧಿ,ಔಷಧಿ,,medicine tablets
C01,kn,ಕ,,ka,ka kamala,consonant ka — as in ಕಮಲ (lotus),C01.jpg,consonants,V13,2,Basic,ಕ ಕಮಲ,ಕಮಲ,,lotus flower
C02,kn,ಖ,,kha,kha kharjūra,consonant kha — as in ಖರ್ಜೂರ (dates),C02.jpg,consonants,V13,3,Basic,ಖ ಖರ್ಜೂರ,ಖರ್ಜೂರ,,date fruit
C03,kn,ಗ,,ga,ga giḍa,consonant ga — as in ಗಿಡ (plant),C03.jpg,consonants,V13,2,Basic,ಗ ಗಿಡ,ಗಿಡ,,young plant
C04,kn,ಘ,,gha,gha ghaṁṭe,consonant gha — as in ಘಂಟೆ (bell),C04.jpg,consonants,V13,3,Basic,ಘ ಘಂಟೆ,ಘಂಟೆ,,temple bell
C05,kn,ಚ,,ca,ca caṁdra,consonant ca — as in ಚಂದ್ರ (moon),C05.jpg,consonants,V13,2,Basic,ಚ ಚಂದ್ರ,ಚಂದ್ರ,,moon
C06,kn,ಛ,,cha,cha chatri,consonant cha — as in ಛತ್ರಿ (umbrella),C06.jpg,consonants,V13,3,Basic,ಛ ಛತ್ರಿ,ಛತ್ರಿ,,umbrella
C07,kn,ಜ,,ja,ja jiṁke,consonant ja — as in ಜಿಂಕೆ (deer),C07.jpg,consonants,V13,2,Basic,ಜ ಜಿಂಕೆ,ಜಿಂಕೆ,,spotted deer
C08,kn,ಝ,,jha,jha jhari,consonant jha — as in ಝರಿ (stream),C08.jpg,consonants,V13,3,Basic,ಝ ಝರಿ,ಝರಿ,,mountain stream
C09,kn,ಟ,,ṭa,ṭa ṭōpi,consonant ṭa — as in ಟೋಪಿ (cap),C09.jpg,consonants,V13,3,Basic,ಟ ಟೋಪಿ,ಟೋಪಿ,,cap hat
C10,kn,ಠ,,ṭha,ṭha ṭhāṇe,consonant ṭha — as in ಠಾಣೆ (police station),C10.jpg,consonants,V13,3,Basic,ಠ ಠಾಣೆ,ಠಾಣೆ,,police station
C11,kn,ಡ,,ḍa,ḍa ḍabbi,consonant ḍa — as in ಡಬ್ಬಿ (box),C11.jpg,consonants,V13,3,Basic,ಡ ಡಬ್ಬಿ,ಡಬ್ಬಿ,,tin box
C12,kn,ಢ,,ḍha,ḍha ḍhamaru,consonant ḍha — as in ಢಮರು (damaru drum),C12.jpg,consonants,V13,3,Basic,ಢ ಢಮರು,ಢಮರು,,damaru drum
C13,kn,ಣ,,ṇa,ṇa bāṇa,consonant ṇa — as in ಬಾಣ (arrow),C13.jpg,consonants,V13,3,Basic,ಣ ಬಾಣ,ಬಾಣ,,arrow
C14,kn,ತ,,ta,ta tale,consonant ta — as in ತಲೆ (head),C14.jpg,consonants,V13,2,Basic,ತ ತಲೆ,ತಲೆ,,child face portrait
C15,kn,ಥ,,tha,tha graṁtha,consonant tha — as in ಗ್ರಂಥ (scripture),C15.jpg,consonants,V13,3,Basic,ಥ ಗ್ರಂಥ,ಗ್ರಂಥ,,old manuscript book
C16,kn,ದ,,da,da dīpa,consonant da — as in ದೀಪ (lamp),C16.jpg,consonants,V13,2,Basic,ದ ದೀಪ,ದೀಪ,,oil lamp diya
C17,kn,ಧ,,dha,dha dhvaja,consonant dha — as in ಧ್ವಜ (flag),C17.jpg,consonants,V13,3,Basic,ಧ ಧ್ವಜ,ಧ್ವಜ,,flag of India
C18,kn,ನ,,na,na nāyi,consonant na — as in ನಾಯಿ (dog),C18.jpg,consonants,V13,2,Basic,ನ ನಾಯಿ,ನಾಯಿ,,dog
C19,kn,ಪ,,pa,pa pustaka,consonant pa — as in ಪುಸ್ತಕ (book),C19.jpg,consonants,V13,2,Basic,ಪ ಪುಸ್ತಕ,ಪುಸ್ತಕ,,book
C20,kn,ಫ,,pha,pha phala,consonant pha — as in ಫಲ (fruit),C20.jpg,consonants,V13,3,Basic,ಫ ಫಲ,ಫಲ,,assorted fruit
C21,kn,ಬ,,ba,ba bāgilu,consonant ba — as in ಬಾಗಿಲು (door),C21.jpg,consonants,V13,3,Basic,ಬ ಬಾಗಿಲು,ಬಾಗಿಲು,,wooden door
C22,kn,ಭ,,bha,bha bhūmi,consonant bha — as in ಭೂಮಿ (earth),C22.jpg,consonants,V13,3,Basic,ಭ ಭೂಮಿ,ಭೂಮಿ,,planet Earth
C23,kn,ಮ,,ma,ma mane,consonant ma — as in ಮನೆ (house),C23.jpg,consonants,V13,2,Basic,ಮ ಮನೆ,ಮನೆ,,village house
C24,kn,ಯ,,ya,ya yaṁtra,consonant ya — as in ಯಂತ್ರ (machine),C24.jpg,consonants,V13,3,Basic,ಯ ಯಂತ್ರ,ಯಂತ್ರ,,industrial machine
C25,kn,ರ,,ra,ra railu,consonant ra — as in ರೈಲು (train),C25.jpg,consonants,V13,3,Basic,ರ ರೈಲು,ರೈಲು,,train
C26,kn,ಲ,,la,la liṁbe,consonant la — as in ಲಿಂಬೆ (lemon),C26.jpg,consonants,V13,3,Basic,ಲ ಲಿಂಬೆ,ಲಿಂಬೆ,,lemon
C27,kn,ವ,,va,va vimāna,consonant va — as in ವಿಮಾನ (aeroplane),C27.jpg,consonants,V13,3,Basic,ವ ವಿಮಾನ,ವಿಮಾನ,,airplane
C28,kn,ಶ,,śa,śa śāle,consonant śa — as in ಶಾಲೆ (school),C28.jpg,consonants,V13,3,Basic,ಶ ಶಾಲೆ,ಶಾಲೆ,,school building
C29,kn,ಷ,,ṣa,ṣa puṣpa,consonant ṣa — as in ಪುಷ್ಪ (flower),C29.jpg,consonants,V13,3,Basic,ಷ ಪುಷ್ಪ,ಪುಷ್ಪ,,flower
C30,kn,ಸ,,sa,sa sūrya,consonant sa — as in ಸೂರ್ಯ (sun),C30.jpg,consonants,V13,3,Basic,ಸ ಸೂರ್ಯ,ಸೂರ್ಯ,,sun
C31,kn,ಹ,,ha,ha hasu,consonant ha — as in ಹಸು (cow),C31.jpg,consonants,V13,2,Basic,ಹ ಹಸು,ಹಸು,,cow
C32,kn,ಳ,,ḷa,ḷa maḷe,consonant ḷa — as in ಮಳೆ (rain),C32.jpg,consonants,V13,3,Basic,ಳ ಮಳೆ,ಮಳೆ,,rain
W001,kn,ಅಮ್ಮ,ಅಪ್ಪೆ,amma,amma,mother,W001.jpg,family,V01,4,Intermediate,ಅಮ್ಮ,,,indian mother baby
W002,kn,ಅಪ್ಪ,ಅಮ್ಮೆ,appa,appa,father,W002.jpg,family,V01,4,Intermediate,ಅಪ್ಪ,,,father child playing
W003,kn,ಅಣ್ಣ,ಪಳಯೆ,aṇṇa,aṇṇa,elder brother,W003.jpg,family,V01,4,Intermediate,ಅಣ್ಣ,,,indian school boys
W004,kn,ಅಕ್ಕ,ಪಳ್ದಿ,akka,akka,elder sister,W004.jpg,family,V01,4,Intermediate,ಅಕ್ಕ,,,indian school girls
W005,kn,ತಮ್ಮ,ಮೆಗ್ಯೆ,tamma,tamma,younger brother,W005.jpg,family,C14,5,Intermediate,ತಮ್ಮ,,,boy portrait child
W006,kn,ತಂಗಿ,ಮೆಗ್ದಿ,taṁgi,taṁgi,younger sister,W006.jpg,family,C14,5,Intermediate,ತಂಗಿ,,,girl portrait child
W007,kn,ಮಗು,ಬಾಲೆ,magu,magu,child,W007.jpg,family,C23,4,Intermediate,ಮಗು,,,smiling baby infant
W008,kn,ಅಜ್ಜ,ಅಜ್ಜೆ,ajja,ajja,grandfather,W008.jpg,family,V01,5,Intermediate,ಅಜ್ಜ,,,elderly indian man portrait
W009,kn,ಅಜ್ಜಿ,ಅಜ್ಜಿ,ajji,ajji,grandmother,W009.jpg,family,V01,5,Intermediate,ಅಜ್ಜಿ,,,elderly indian woman portrait
W010,kn,ಸ್ನೇಹಿತ,ದೋಸ್ತಿ,snēhita,snēhita,friend,W010.jpg,family,C30,5,Intermediate,ಸ್ನೇಹಿತ,,,children playing together
W011,kn,ಹಸು,ಪೆತ್ತ,hasu,hasu,cow,W011.jpg,animals,C31,4,Intermediate,ಹಸು,,,cow
W012,kn,ನಾಯಿ,ನಾಯಿ,nāyi,nāyi,dog,W012.jpg,animals,C18,4,Intermediate,ನಾಯಿ,,,dog
W013,kn,ಬೆಕ್ಕು,ಪುಚ್ಚೆ,bekku,bekku,cat,W013.jpg,animals,C21,4,Intermediate,ಬೆಕ್ಕು,,,cat
W014,kn,ಆನೆ,ಆನೆ,āne,āne,elephant,W014.jpg,animals,V02,4,Intermediate,ಆನೆ,,,Indian elephant
W015,kn,ಕುದುರೆ,ಕುದುರೆ,kudure,kudure,horse,W015.jpg,animals,C01,5,Intermediate,ಕುದುರೆ,,,horse
W016,kn,ಹಂದಿ,ಪಂಜಿ,haṁdi,haṁdi,pig,W016.jpg,animals,C31,5,Intermediate,ಹಂದಿ,,,pig
W017,kn,ಕುರಿ,ಕುರಿ,kuri,kuri,sheep,W017.jpg,animals,C01,5,Intermediate,ಕುರಿ,,,sheep
W018,kn,ಇಲಿ,ಇಲಿ,ili,ili,mouse,W018.jpg,animals,V03,5,Intermediate,ಇಲಿ,,,house mouse
W019,kn,ಮೀನು,ಮೀನ್,mīnu,mīnu,fish,W019.jpg,animals,C23,4,Intermediate,ಮೀನು,,,fish
W020,kn,ಹಕ್ಕಿ,ಪಕ್ಕಿ,hakki,hakki,bird,W020.jpg,animals,C31,4,Intermediate,ಹಕ್ಕಿ,,,bird
W021,kn,ಕೋಳಿ,ಕೋರಿ,kōḷi,kōḷi,hen,W021.jpg,animals,C01,5,Intermediate,ಕೋಳಿ,,,hen
W022,kn,ಹುಲಿ,ಪಿಲಿ,huli,huli,tiger,W022.jpg,animals,C31,5,Intermediate,ಹುಲಿ,,,tiger
W023,kn,ನೀರು,ನೀರ್,nīru,nīru,water,W023.jpg,nature,C18,4,Intermediate,ನೀರು,,,glass of water
W024,kn,ಗಾಳಿ,ಗಾಳಿ,gāḷi,gāḷi,wind,W024.jpg,nature,C03,5,Intermediate,ಗಾಳಿ,,,windmill wind
W025,kn,ಬೆಂಕಿ,ತೂ,beṁki,beṁki,fire,W025.jpg,nature,C21,5,Intermediate,ಬೆಂಕಿ,,,fire
W026,kn,ಮಳೆ,ಬರ್ಸ,maḷe,maḷe,rain,W026.jpg,nature,C23,4,Intermediate,ಮಳೆ,,,rain
W027,kn,ಸೂರ್ಯ,ಸೂರ್ಯೆ,sūrya,sūrya,sun,W027.jpg,nature,C30,4,Intermediate,ಸೂರ್ಯ,,,sun
W028,kn,ಚಂದ್ರ,ಚಂದ್ರೆ,caṁdra,caṁdra,moon,W028.jpg,nature,C05,4,Intermediate,ಚಂದ್ರ,,,moon
W029,kn,ನಕ್ಷತ್ರ,ಬೊಳ್ಳಿ,nakṣatra,nakṣatra,star,W029.jpg,nature,C18,5,Intermediate,ನಕ್ಷತ್ರ,,,star night sky
W030,kn,ಮರ,ಮರ,mara,mara,tree,W030.jpg,nature,C23,4,Intermediate,ಮರ,,,tree
W031,kn,ಹೂವು,ಪೂ,hūvu,hūvu,flower,W031.jpg,nature,C31,4,Intermediate,ಹೂವು,,,flower
W032,kn,ಎಲೆ,ಎಲೆ,ele,marada ele,leaf,W032.jpg,nature,V08,5,Intermediate,ಮರದ ಎಲೆ,,the leaf of a tree,leaf
W033,kn,ಬೆಟ್ಟ,ಬೆಟ್ಟು,beṭṭa,beṭṭa,hill,W033.jpg,nature,C21,5,Intermediate,ಬೆಟ್ಟ,,,hill
W034,kn,ಕಡಲು,ಕಡಲ್,kaḍalu,kaḍalu,sea,W034.jpg,nature,C01,5,Intermediate,ಕಡಲು,,,sea
W035,kn,ಅನ್ನ,ಅನ್ನ,anna,anna,cooked rice,W035.jpg,food,V01,4,Intermediate,ಅನ್ನ,,,cooked rice
W036,kn,ಹಾಲು,ಪೇರ್,hālu,hālu,milk,W036.jpg,food,C31,4,Intermediate,ಹಾಲು,,,glass of milk
W037,kn,ಉಪ್ಪು,ಉಪ್ಪು,uppu,uppu,salt,W037.jpg,food,V05,5,Intermediate,ಉಪ್ಪು,,,salt
W038,kn,ಹಣ್ಣು,ಪರ್ಂದ್,haṇṇu,haṇṇu,fruit,W038.jpg,food,C31,4,Intermediate,ಹಣ್ಣು,,,assorted fruit
W039,kn,ಬಾಳೆಹಣ್ಣು,,bāḷehaṇṇu,bāḷehaṇṇu,banana,W039.jpg,food,C21,5,Intermediate,ಬಾಳೆಹಣ್ಣು,,,banana
W040,kn,ಮೊಸರು,ಮೊಸರು,mosaru,mosaru,curd,W040.jpg,food,C23,5,Intermediate,ಮೊಸರು,,,curd yogurt
W041,kn,ಸಕ್ಕರೆ,,sakkare,sakkare,sugar,W041.jpg,food,C30,5,Intermediate,ಸಕ್ಕರೆ,,,sugar
W042,kn,ರೊಟ್ಟಿ,,roṭṭi,roṭṭi,flatbread,W042.jpg,food,C25,5,Intermediate,ರೊಟ್ಟಿ,,,roti flatbread
W043,kn,ತಲೆ,ತರೆ,tale,nanna tale,head,W043.jpg,body,C14,4,Intermediate,ನನ್ನ ತಲೆ,,my head,child face portrait
W044,kn,ಕಣ್ಣು,ಕಣ್ಣ್,kaṇṇu,kaṇṇu,eye,W044.jpg,body,C01,4,Intermediate,ಕಣ್ಣು,,,human eye closeup
W045,kn,ಕಿವಿ,ಕೆಬಿ,kivi,kivi,ear,W045.jpg,body,C01,4,Intermediate,ಕಿವಿ,,,human ear closeup
W046,kn,ಮೂಗು,ಮೂಕು,mūgu,mūgu,nose,W046.jpg,body,C23,4,Intermediate,ಮೂಗು,,,human nose closeup
W047,kn,ಬಾಯಿ,ಬಾಯಿ,bāyi,bāyi,mouth,W047.jpg,body,C21,5,Intermediate,ಬಾಯಿ,,,human lips closeup
W048,kn,ಕೈ,ಕೈ,kai,nanna kai,hand,W048.jpg,body,C01,4,Intermediate,ನನ್ನ ಕೈ,,my hand,open human hand
W049,kn,ಕಾಲು,ಕಾರ್,kālu,kālu,leg,W049.jpg,body,C01,5,Intermediate,ಕಾಲು,,,human legs walking
W050,kn,ಹಲ್ಲು,ಪಲ್ಲ್,hallu,hallu,tooth,W050.jpg,body,C31,5,Intermediate,ಹಲ್ಲು,,,tooth
W051,kn,ಕೆಂಪು,ಕೆಂಪು,keṁpu,keṁpu,red,W051.jpg,colours,C01,4,Intermediate,ಕೆಂಪು,,,red colour
W052,kn,ಹಸಿರು,ಪಚ್ಚೆ,hasiru,hasiru,green,W052.jpg,colours,C31,4,Intermediate,ಹಸಿರು,,,green colour
W053,kn,ಹಳದಿ,ಮಂಜಲ್,haḷadi,haḷadi,yellow,W053.jpg,colours,C31,4,Intermediate,ಹಳದಿ,,,yellow colour
W054,kn,ನೀಲಿ,ನೀಲಿ,nīli,nīli,blue,W054.jpg,colours,C18,4,Intermediate,ನೀಲಿ,,,blue colour
W055,kn,ಕಪ್ಪು,ಕಪ್ಪು,kappu,kappu,black,W055.jpg,colours,C01,5,Intermediate,ಕಪ್ಪು,,,black colour
W056,kn,ಬಿಳಿ,ಬೊಲ್ದು,biḷi,biḷi,white,W056.jpg,colours,C21,5,Intermediate,ಬಿಳಿ,,,white colour
W057,kn,ಒಂದು,ಒಂಜಿ,oṁdu,oṁdu,one,W057.jpg,numbers,V11,4,Intermediate,ಒಂದು,,,number one
W058,kn,ಎರಡು,ರಡ್ಡ್,eraḍu,eraḍu,two,W058.jpg,numbers,V08,4,Intermediate,ಎರಡು,,,number two
W059,kn,ಮೂರು,ಮೂಜಿ,mūru,mūru,three,W059.jpg,numbers,C23,4,Intermediate,ಮೂರು,,,number three
W060,kn,ನಾಲ್ಕು,ನಾಲ್,nālku,nālku,four,W060.jpg,numbers,C18,4,Intermediate,ನಾಲ್ಕು,,,number four
W061,kn,ಐದು,ಐನ್,aidu,aidu,five,W061.jpg,numbers,V10,4,Intermediate,ಐದು,,,number five
W062,kn,ಆರು,ಆಜಿ,āru,āru,six,W062.jpg,numbers,V02,5,Intermediate,ಆರು,,,number six
W063,kn,ಏಳು,ಏಳ್,ēḷu,ēḷu,seven,W063.jpg,numbers,V09,5,Intermediate,ಏಳು,,,number seven
W064,kn,ಎಂಟು,ಎಣ್ಮ,eṁṭu,eṁṭu,eight,W064.jpg,numbers,V08,5,Intermediate,ಎಂಟು,,,number eight
W065,kn,ಒಂಬತ್ತು,ಒರ್ಂಬ,oṁbattu,oṁbattu,nine,W065.jpg,numbers,V11,5,Intermediate,ಒಂಬತ್ತು,,,number nine
W066,kn,ಹತ್ತು,ಪತ್ತ್,hattu,hattu,ten,W066.jpg,numbers,C31,5,Intermediate,ಹತ್ತು,,,number ten
W067,kn,ಮನೆ,ಇಲ್ಲ್,mane,mane,house,W067.jpg,home,C23,4,Intermediate,ಮನೆ,,,village house
W068,kn,ಬಾಗಿಲು,ಬಾಕಿಲ್,bāgilu,bāgilu,door,W068.jpg,home,C21,5,Intermediate,ಬಾಗಿಲು,,,wooden door
W069,kn,ಕುರ್ಚಿ,ಕುರ್ಚಿ,kurci,kurci,chair,W069.jpg,home,C01,5,Intermediate,ಕುರ್ಚಿ,,,chair
W070,kn,ದೀಪ,,dīpa,dīpa,lamp,W070.jpg,home,C16,5,Intermediate,ದೀಪ,,,oil lamp diya
W071,kn,ಪುಸ್ತಕ,ಪುಸ್ತಕ,pustaka,pustaka,book,W071.jpg,school,C19,4,Intermediate,ಪುಸ್ತಕ,,,book
W072,kn,ಶಾಲೆ,ಶಾಲೆ,śāle,śāle,school,W072.jpg,school,C28,4,Intermediate,ಶಾಲೆ,,,school building
W073,kn,ಪೆನ್ಸಿಲ್,,pensil,pensil,pencil,W073.jpg,school,C19,5,Intermediate,ಪೆನ್ಸಿಲ್,,,pencil
W074,kn,ರೈಲು,,railu,railu,train,W074.jpg,travel,C25,5,Intermediate,ರೈಲು,,,train
W075,kn,ಬಸ್ಸು,,bassu,bassu,bus,W075.jpg,travel,C21,5,Intermediate,ಬಸ್ಸು,,,bus
W076,kn,ವಿಮಾನ,,vimāna,vimāna,aeroplane,W076.jpg,travel,C27,5,Intermediate,ವಿಮಾನ,,,airplane
W077,kn,ಮಾವು,,māvu,māvu,mango,W077.jpg,fruits,C23,4,Intermediate,ಮಾವು,,,mango fruit
W078,kn,ಸೇಬು,,sēbu,sēbu,apple,W078.jpg,fruits,C30,4,Intermediate,ಸೇಬು,,,red apple
W079,kn,ಕಿತ್ತಳೆ,,kittaḷe,kittaḷe,orange,W079.jpg,fruits,C01,4,Intermediate,ಕಿತ್ತಳೆ,,,orange fruit
W080,kn,ದ್ರಾಕ್ಷಿ,,drākṣi,drākṣi,grapes,W080.jpg,fruits,C16,5,Intermediate,ದ್ರಾಕ್ಷಿ,,,bunch of grapes
W081,kn,ಕಲ್ಲಂಗಡಿ,,kallaṁgaḍi,kallaṁgaḍi,watermelon,W081.jpg,fruits,C01,5,Intermediate,ಕಲ್ಲಂಗಡಿ,,,watermelon
W082,kn,ಆಲೂಗಡ್ಡೆ,,ālūgaḍḍe,ālūgaḍḍe,potato,W082.jpg,vegetables,V02,4,Intermediate,ಆಲೂಗಡ್ಡೆ,,,potato
W083,kn,ಬದನೆಕಾಯಿ,,badanekāyi,badanekāyi,brinjal,W083.jpg,vegetables,C21,5,Intermediate,ಬದನೆಕಾಯಿ,,,brinjal eggplant
W084,kn,ಬೆಂಡೆಕಾಯಿ,,beṁḍekāyi,beṁḍekāyi,okra,W084.jpg,vegetables,C21,5,Intermediate,ಬೆಂಡೆಕಾಯಿ,,,okra ladyfinger
W085,kn,ದೋಸೆ,,dōse,dōse,dosa,W085.jpg,food,C16,4,Intermediate,ದೋಸೆ,,,dosa south indian
W086,kn,ಇಡ್ಲಿ,,iḍli,iḍli,idli,W086.jpg,food,V03,4,Intermediate,ಇಡ್ಲಿ,,,idli steamed cake
W087,kn,ಜೇನು,,jēnu,jēnu,honey,W087.jpg,food,C07,5,Intermediate,ಜೇನು,,,honey jar
W088,kn,ಬೆಣ್ಣೆ,,beṇṇe,beṇṇe,butter,W088.jpg,food,C21,5,Intermediate,ಬೆಣ್ಣೆ,,,butter block
W089,kn,ಮಂಗ,,maṁga,maṁga,monkey,W089.jpg,animals,C23,4,Intermediate,ಮಂಗ,,,monkey
W090,kn,ಗಿಳಿ,,giḷi,giḷi,parrot,W090.jpg,animals,C03,4,Intermediate,ಗಿಳಿ,,,green parrot
W091,kn,ಕಾಗೆ,,kāge,kāge,crow,W091.jpg,animals,C01,5,Intermediate,ಕಾಗೆ,,,crow bird
W092,kn,ನವಿಲು,,navilu,navilu,peacock,W092.jpg,animals,C18,4,Intermediate,ನವಿಲು,,,peacock
W093,kn,ಮೊಲ,,mola,mola,rabbit,W093.jpg,animals,C23,5,Intermediate,ಮೊಲ,,,rabbit
W094,kn,ಅಳಿಲು,,aḷilu,aḷilu,squirrel,W094.jpg,animals,V01,5,Intermediate,ಅಳಿಲು,,,squirrel
W095,kn,ಮುಖ,,mukha,mukha,face,W095.jpg,body,C23,4,Intermediate,ಮುಖ,,,child smiling face
W096,kn,ಕೂದಲು,,kūdalu,kūdalu,hair,W096.jpg,body,C01,4,Intermediate,ಕೂದಲು,,,hair
W097,kn,ಬೆರಳು,,beraḷu,beraḷu,finger,W097.jpg,body,C21,5,Intermediate,ಬೆರಳು,,,finger pointing
W098,kn,ಮೋಡ,,mōḍa,mōḍa,cloud,W098.jpg,nature,C23,4,Intermediate,ಮೋಡ,,,white cloud sky
W099,kn,ನದಿ,,nadi,nadi,river,W099.jpg,nature,C18,4,Intermediate,ನದಿ,,,river
W100,kn,ಆಕಾಶ,,ākāśa,ākāśa,sky,W100.jpg,nature,V02,4,Intermediate,ಆಕಾಶ,,,blue sky
W101,kn,ಕಲ್ಲು,,kallu,kallu,stone,W101.jpg,nature,C01,5,Intermediate,ಕಲ್ಲು,,,stone rock
W102,kn,ಹಾಸಿಗೆ,,hāsige,hāsige,bed,W102.jpg,home,C31,4,Intermediate,ಹಾಸಿಗೆ,,,bed
W103,kn,ಕಿಟಕಿ,,kiṭaki,kiṭaki,window,W103.jpg,home,C01,5,Intermediate,ಕಿಟಕಿ,,,window
W104,kn,ಗಡಿಯಾರ,,gaḍiyāra,gaḍiyāra,clock,W104.jpg,home,C03,5,Intermediate,ಗಡಿಯಾರ,,,wall clock
W105,kn,ಚೆಂಡು,,ceṁḍu,ceṁḍu,ball,W105.jpg,home,C05,4,Intermediate,ಚೆಂಡು,,,colourful ball
W106,kn,ಅಂಗಿ,,aṁgi,aṁgi,shirt,W106.jpg,clothes,V01,4,Intermediate,ಅಂಗಿ,,,shirt
W107,kn,ಸೀರೆ,,sīre,sīre,saree,W107.jpg,clothes,C30,5,Intermediate,ಸೀರೆ,,,indian saree
W108,kn,ಕಾರು,,kāru,kāru,car,W108.jpg,travel,C01,4,Intermediate,ಕಾರು,,,car
P001,kn,ನನ್ನ ಅಮ್ಮ,,nanna amma,nanna amma,my mother,W001.jpg,phrases,W001,6,Advanced,ನನ್ನ ಅಮ್ಮ,,my mother,
P002,kn,ನನ್ನ ಮನೆ,,nanna mane,nanna mane,my house,W067.jpg,phrases,W067,6,Advanced,ನನ್ನ ಮನೆ,,my house,
P003,kn,ನನ್ನ ಶಾಲೆ,,nanna śāle,nanna śāle,my school,W072.jpg,phrases,W072,6,Advanced,ನನ್ನ ಶಾಲೆ,,my school,
P004,kn,ಒಂದು ಹಸು,,oṁdu hasu,oṁdu hasu,one cow,W011.jpg,phrases,W011,6,Advanced,ಒಂದು ಹಸು,,one cow,
P005,kn,ಎರಡು ಕಣ್ಣು,,eraḍu kaṇṇu,eraḍu kaṇṇu,two eyes,W044.jpg,phrases,W044,6,Advanced,ಎರಡು ಕಣ್ಣು,,two eyes,
P006,kn,ಮೂರು ಮೀನು,,mūru mīnu,mūru mīnu,three fish,W019.jpg,phrases,W019,6,Advanced,ಮೂರು ಮೀನು,,three fish,
P007,kn,ಕೆಂಪು ಹೂವು,,keṁpu hūvu,keṁpu hūvu,a red flower,W031.jpg,phrases,W031,6,Advanced,ಕೆಂಪು ಹೂವು,,a red flower,
P008,kn,ಹಸಿರು ಎಲೆ,,hasiru ele,hasiru ele,a green leaf,W032.jpg,phrases,W032,6,Advanced,ಹಸಿರು ಎಲೆ,,a green leaf,
P009,kn,ಬಿಳಿ ಹಾಲು,,biḷi hālu,biḷi hālu,white milk,W036.jpg,phrases,W036,6,Advanced,ಬಿಳಿ ಹಾಲು,,white milk,
P010,kn,ನೀಲಿ ಆಕಾಶ,,nīli ākāśa,nīli ākāśa,the blue sky,W100.jpg,phrases,W100,6,Advanced,ನೀಲಿ ಆಕಾಶ,,the blue sky,
P011,kn,ದೊಡ್ಡ ಆನೆ,,doḍḍa āne,doḍḍa āne,a big elephant,W014.jpg,phrases,W014,6,Advanced,ದೊಡ್ಡ ಆನೆ,,a big elephant,
P012,kn,ಪುಟ್ಟ ಮಗು,,puṭṭa magu,puṭṭa magu,a little child,W007.jpg,phrases,W007,6,Advanced,ಪುಟ್ಟ ಮಗು,,a little child,
P013,kn,ಸಿಹಿ ಹಣ್ಣು,,sihi haṇṇu,sihi haṇṇu,a sweet fruit,W038.jpg,phrases,W038,6,Advanced,ಸಿಹಿ ಹಣ್ಣು,,a sweet fruit,
P014,kn,ಒಳ್ಳೆಯ ಸ್ನೇಹಿತ,,oḷḷeya snēhita,oḷḷeya snēhita,a good friend,W010.jpg,phrases,W010,6,Advanced,ಒಳ್ಳೆಯ ಸ್ನೇಹಿತ,,a good friend,
S001,kn,ಇದು ನನ್ನ ಮನೆ,,idu nanna mane,idu nanna mane,This is my house,W067.jpg,sentences,W067,7,Sentences,ಇದು ನನ್ನ ಮನೆ,,This is my house,
S002,kn,ಇದು ನನ್ನ ಪುಸ್ತಕ,,idu nanna pustaka,idu nanna pustaka,This is my book,W071.jpg,sentences,W071,7,Sentences,ಇದು ನನ್ನ ಪುಸ್ತಕ,,This is my book,
S003,kn,ಇದು ನನ್ನ ಸ್ನೇಹಿತ,,idu nanna snēhita,idu nanna snēhita,This is my friend,W010.jpg,sentences,W010,7,Sentences,ಇದು ನನ್ನ ಸ್ನೇಹಿತ,,This is my friend,
S004,kn,ನನ್ನ ಶಾಲೆ ದೊಡ್ಡದು,,nanna śāle doḍḍadu,nanna śāle doḍḍadu,My school is big,W072.jpg,sentences,W072,7,Sentences,ನನ್ನ ಶಾಲೆ ದೊಡ್ಡದು,,My school is big,
S005,kn,ನಾನು ಶಾಲೆಗೆ ಹೋಗುತ್ತೇನೆ,,nānu śālege hōguttēne,nānu śālege hōguttēne,I go to school,W072.jpg,sentences,W072,7,Sentences,ನಾನು ಶಾಲೆಗೆ ಹೋಗುತ್ತೇನೆ,,I go to school,
S006,kn,ನಾನು ಪುಸ್ತಕ ಓದುತ್ತೇನೆ,,nānu pustaka ōduttēne,nānu pustaka ōduttēne,I read a book,W071.jpg,sentences,W071,7,Sentences,ನಾನು ಪುಸ್ತಕ ಓದುತ್ತೇನೆ,,I read a book,
S007,kn,ನಾನು ಹಾಲು ಕುಡಿಯುತ್ತೇನೆ,,nānu hālu kuḍiyuttēne,nānu hālu kuḍiyuttēne,I drink milk,W036.jpg,sentences,W036,7,Sentences,ನಾನು ಹಾಲು ಕುಡಿಯುತ್ತೇನೆ,,I drink milk,
S008,kn,ನಾನು ನೀರು ಕುಡಿಯುತ್ತೇನೆ,,nānu nīru kuḍiyuttēne,nānu nīru kuḍiyuttēne,I drink water,W023.jpg,sentences,W023,7,Sentences,ನಾನು ನೀರು ಕುಡಿಯುತ್ತೇನೆ,,I drink water,
S009,kn,ನಾನು ಅನ್ನ ತಿನ್ನುತ್ತೇನೆ,,nānu anna tinnuttēne,nānu anna tinnuttēne,I eat rice,W035.jpg,sentences,W035,7,Sentences,ನಾನು ಅನ್ನ ತಿನ್ನುತ್ತೇನೆ,,I eat rice,
S010,kn,ನಾನು ಚೆಂಡು ಆಡುತ್ತೇನೆ,,nānu ceṁḍu āḍuttēne,nānu ceṁḍu āḍuttēne,I play with the ball,W105.jpg,sentences,W105,7,Sentences,ನಾನು ಚೆಂಡು ಆಡುತ್ತೇನೆ,,I play with the ball,
S011,kn,ನಾವು ಶಾಲೆಗೆ ಹೋಗುತ್ತೇವೆ,,nāvu śālege hōguttēve,nāvu śālege hōguttēve,We go to school,W072.jpg,sentences,W072,7,Sentences,ನಾವು ಶಾಲೆಗೆ ಹೋಗುತ್ತೇವೆ,,We go to school,
S012,kn,ಅಮ್ಮ ಮನೆಯಲ್ಲಿ ಇದ್ದಾರೆ,,amma maneyalli iddāre,amma maneyalli iddāre,Mother is at home,W001.jpg,sentences,W001,7,Sentences,ಅಮ್ಮ ಮನೆಯಲ್ಲಿ ಇದ್ದಾರೆ,,Mother is at home,
S013,kn,ಅಪ್ಪ ಕೆಲಸಕ್ಕೆ ಹೋಗುತ್ತಾರೆ,,appa kelasakke hōguttāre,appa kelasakke hōguttāre,Father goes to work,W002.jpg,sentences,W002,7,Sentences,ಅಪ್ಪ ಕೆಲಸಕ್ಕೆ ಹೋಗುತ್ತಾರೆ,,Father goes to work,
S014,kn,ಅಜ್ಜಿ ಕಥೆ ಹೇಳುತ್ತಾರೆ,,ajji kathe hēḷuttāre,ajji kathe hēḷuttāre,Grandmother tells a story,W009.jpg,sentences,W009,7,Sentences,ಅಜ್ಜಿ ಕಥೆ ಹೇಳುತ್ತಾರೆ,,Grandmother tells a story,
S015,kn,ನನ್ನ ಅಣ್ಣ ಶಾಲೆಗೆ ಹೋಗುತ್ತಾನೆ,,nanna aṇṇa śālege hōguttāne,nanna aṇṇa śālege hōguttāne,My elder brother goes to school,W003.jpg,sentences,W003,7,Sentences,ನನ್ನ ಅಣ್ಣ ಶಾಲೆಗೆ ಹೋಗುತ್ತಾನೆ,,My elder brother goes to school,
S016,kn,ಮಗು ಆಟ ಆಡುತ್ತದೆ,,magu āṭa āḍuttade,magu āṭa āḍuttade,The child plays,W007.jpg,sentences,W007,7,Sentences,ಮಗು ಆಟ ಆಡುತ್ತದೆ,,The child plays,
S017,kn,ಹಸು ಹಾಲು ಕೊಡುತ್ತದೆ,,hasu hālu koḍuttade,hasu hālu koḍuttade,The cow gives milk,W011.jpg,sentences,W011,7,Sentences,ಹಸು ಹಾಲು ಕೊಡುತ್ತದೆ,,The cow gives milk,
S018,kn,ನಾಯಿ ಮನೆಯಲ್ಲಿ ಇದೆ,,nāyi maneyalli ide,nāyi maneyalli ide,The dog is in the house,W012.jpg,sentences,W012,7,Sentences,ನಾಯಿ ಮನೆಯಲ್ಲಿ ಇದೆ,,The dog is in the house,
S019,kn,ಬೆಕ್ಕು ಹಾಲು ಕುಡಿಯುತ್ತದೆ,,bekku hālu kuḍiyuttade,bekku hālu kuḍiyuttade,The cat drinks milk,W013.jpg,sentences,W013,7,Sentences,ಬೆಕ್ಕು ಹಾಲು ಕುಡಿಯುತ್ತದೆ,,The cat drinks milk,
S020,kn,ಮೀನು ನೀರಿನಲ್ಲಿ ಇದೆ,,mīnu nīrinalli ide,mīnu nīrinalli ide,The fish is in the water,W019.jpg,sentences,W019,7,Sentences,ಮೀನು ನೀರಿನಲ್ಲಿ ಇದೆ,,The fish is in the water,
S021,kn,ಹಕ್ಕಿ ಆಕಾಶದಲ್ಲಿ ಹಾರುತ್ತದೆ,,hakki ākāśadalli hāruttade,hakki ākāśadalli hāruttade,The bird flies in the sky,W020.jpg,sentences,W020,7,Sentences,ಹಕ್ಕಿ ಆಕಾಶದಲ್ಲಿ ಹಾರುತ್ತದೆ,,The bird flies in the sky,
S022,kn,ಆನೆ ತುಂಬಾ ದೊಡ್ಡದು,,āne tuṁbā doḍḍadu,āne tuṁbā doḍḍadu,The elephant is very big,W014.jpg,sentences,W014,7,Sentences,ಆನೆ ತುಂಬಾ ದೊಡ್ಡದು,,The elephant is very big,
S023,kn,ಮಂಗ ಮರ ಹತ್ತುತ್ತದೆ,,maṁga mara hattuttade,maṁga mara hattuttade,The monkey climbs the tree,W089.jpg,sentences,W089,7,Sentences,ಮಂಗ ಮರ ಹತ್ತುತ್ತದೆ,,The monkey climbs the tree,
S024,kn,ನವಿಲು ಚೆನ್ನಾಗಿ ಕುಣಿಯುತ್ತದೆ,,navilu cennāgi kuṇiyuttade,navilu cennāgi kuṇiyuttade,The peacock dances beautifully,W092.jpg,sentences,W092,7,Sentences,ನವಿಲು ಚೆನ್ನಾಗಿ ಕುಣಿಯುತ್ತದೆ,,The peacock dances beautifully,
S025,kn,ಸೂರ್ಯ ಆಕಾಶದಲ್ಲಿ ಇದ್ದಾನೆ,,sūrya ākāśadalli iddāne,sūrya ākāśadalli iddāne,The sun is in the sky,W027.jpg,sentences,W027,7,Sentences,ಸೂರ್ಯ ಆಕಾಶದಲ್ಲಿ ಇದ್ದಾನೆ,,The sun is in the sky,
S026,kn,ಚಂದ್ರ ರಾತ್ರಿ ಕಾಣುತ್ತಾನೆ,,caṁdra rātri kāṇuttāne,caṁdra rātri kāṇuttāne,The moon is seen at night,W028.jpg,sentences,W028,7,Sentences,ಚಂದ್ರ ರಾತ್ರಿ ಕಾಣುತ್ತಾನೆ,,The moon is seen at night,
S027,kn,ಇವತ್ತು ಮಳೆ ಬರುತ್ತಿದೆ,,ivattu maḷe baruttide,ivattu maḷe baruttide,It is raining today,W026.jpg,sentences,W026,7,Sentences,ಇವತ್ತು ಮಳೆ ಬರುತ್ತಿದೆ,,It is raining today,
S028,kn,ಮರದಲ್ಲಿ ಹಣ್ಣು ಇದೆ,,maradalli haṇṇu ide,maradalli haṇṇu ide,There is fruit on the tree,W030.jpg,sentences,W030,7,Sentences,ಮರದಲ್ಲಿ ಹಣ್ಣು ಇದೆ,,There is fruit on the tree,
S029,kn,ಈ ಹೂವು ಕೆಂಪಾಗಿದೆ,,ī hūvu keṁpāgide,ī hūvu keṁpāgide,This flower is red,W031.jpg,sentences,W031,7,Sentences,ಈ ಹೂವು ಕೆಂಪಾಗಿದೆ,,This flower is red,
S030,kn,ನನಗೆ ಎರಡು ಕಣ್ಣು ಇವೆ,,nanage eraḍu kaṇṇu ive,nanage eraḍu kaṇṇu ive,I have two eyes,W044.jpg,sentences,W044,7,Sentences,ನನಗೆ ಎರಡು ಕಣ್ಣು ಇವೆ,,I have two eyes,
TW001,tu,ಅಮ್ಮ,ಅಪ್ಪೆ,appe,appe batter,mother,W001.jpg,family,,4,Intermediate,ಅಪ್ಪೆ ಬತ್ತೆರ್,,mother came,indian mother baby
TW002,tu,ಅಪ್ಪ,ಅಮ್ಮೆ,amme,amme,father,W002.jpg,family,TW001,4,Intermediate,ಅಮ್ಮೆ,,,father child playing
TW003,tu,ಅಣ್ಣ,ಪಳಯೆ,paḷaye,paḷaye,elder brother,W003.jpg,family,TW002,4,Intermediate,ಪಳಯೆ,,,indian school boys
TW004,tu,ಅಕ್ಕ,ಪಳ್ದಿ,paḷdi,enna paḷdi,elder sister,W004.jpg,family,TW003,4,Intermediate,ಎನ್ನ ಪಳ್ದಿ,,my elder sister,indian school girls
TW005,tu,ತಮ್ಮ,ಮೆಗ್ಯೆ,megye,megye,younger brother,W005.jpg,family,TW004,5,Intermediate,ಮೆಗ್ಯೆ,,,boy portrait child
TW006,tu,ತಂಗಿ,ಮೆಗ್ದಿ,megdi,megdi,younger sister,W006.jpg,family,TW005,5,Intermediate,ಮೆಗ್ದಿ,,,girl portrait child
TW007,tu,ಮಗು,ಬಾಲೆ,bāle,bāle,child,W007.jpg,family,TW006,4,Intermediate,ಬಾಲೆ,,,smiling baby infant
TW008,tu,ಅಜ್ಜ,ಅಜ್ಜೆ,ajje,ajje,grandfather,W008.jpg,family,TW007,5,Intermediate,ಅಜ್ಜೆ,,,elderly indian man portrait
TW009,tu,ಅಜ್ಜಿ,ಅಜ್ಜಿ,ajji,ajji,grandmother,W009.jpg,family,TW008,5,Intermediate,ಅಜ್ಜಿ,,,elderly indian woman portrait
TW010,tu,ಸ್ನೇಹಿತ,ದೋಸ್ತಿ,dōsti,dōsti,friend,W010.jpg,family,TW009,5,Intermediate,ದೋಸ್ತಿ,,,children playing together
TW011,tu,ಹಸು,ಪೆತ್ತ,petta,enna petta,cow,W011.jpg,animals,,6,Intermediate,ಎನ್ನ ಪೆತ್ತ,,my cow,cow
TW012,tu,ನಾಯಿ,ನಾಯಿ,nāyi,nāyi,dog,W012.jpg,animals,TW011,6,Intermediate,ನಾಯಿ,,,dog
TW013,tu,ಬೆಕ್ಕು,ಪುಚ್ಚೆ,pucce,pucce,cat,W013.jpg,animals,TW012,6,Intermediate,ಪುಚ್ಚೆ,,,cat
TW014,tu,ಆನೆ,ಆನೆ,āne,āne,elephant,W014.jpg,animals,TW013,6,Intermediate,ಆನೆ,,,Indian elephant
TW015,tu,ಕುದುರೆ,ಕುದುರೆ,kudure,kudure,horse,W015.jpg,animals,TW014,7,Intermediate,ಕುದುರೆ,,,horse
TW016,tu,ಹಂದಿ,ಪಂಜಿ,paṁji,paṁji,pig,W016.jpg,animals,TW015,7,Intermediate,ಪಂಜಿ,,,pig
TW017,tu,ಕುರಿ,ಕುರಿ,kuri,kuri,sheep,W017.jpg,animals,TW016,7,Intermediate,ಕುರಿ,,,sheep
TW018,tu,ಇಲಿ,ಇಲಿ,ili,ili,mouse,W018.jpg,animals,TW017,7,Intermediate,ಇಲಿ,,,house mouse
TW019,tu,ಮೀನು,ಮೀನ್,mīn,mīn,fish,W019.jpg,animals,TW018,6,Intermediate,ಮೀನ್,,,fish
TW020,tu,ಹಕ್ಕಿ,ಪಕ್ಕಿ,pakki,enna pakki,bird,W020.jpg,animals,TW019,6,Intermediate,ಎನ್ನ ಪಕ್ಕಿ,,my bird,bird
TW021,tu,ಕೋಳಿ,ಕೋರಿ,kōri,kōri,hen,W021.jpg,animals,TW020,7,Intermediate,ಕೋರಿ,,,hen
TW022,tu,ಹುಲಿ,ಪಿಲಿ,pili,pili,tiger,W022.jpg,animals,TW021,7,Intermediate,ಪಿಲಿ,,,tiger
TW023,tu,ತಲೆ,ತರೆ,tare,tare,head,W043.jpg,body,,8,Intermediate,ತರೆ,,,child face portrait
TW024,tu,ಕಣ್ಣು,ಕಣ್ಣ್,kaṇṇ,enna kaṇṇ,eye,W044.jpg,body,TW023,8,Intermediate,ಎನ್ನ ಕಣ್ಣ್,,my eye,human eye closeup
TW025,tu,ಕಿವಿ,ಕೆಬಿ,kebi,kebi,ear,W045.jpg,body,TW024,8,Intermediate,ಕೆಬಿ,,,human ear closeup
TW026,tu,ಮೂಗು,ಮೂಕು,mūku,mūku,nose,W046.jpg,body,TW025,8,Intermediate,ಮೂಕು,,,human nose closeup
TW027,tu,ಬಾಯಿ,ಬಾಯಿ,bāyi,bāyi,mouth,W047.jpg,body,TW026,9,Intermediate,ಬಾಯಿ,,,human lips closeup
TW028,tu,ಕೈ,ಕೈ,kai,enna kai,hand,W048.jpg,body,TW027,8,Intermediate,ಎನ್ನ ಕೈ,,my hand,open human hand
TW029,tu,ಕಾಲು,ಕಾರ್,kār,kār,leg,W049.jpg,body,TW028,9,Intermediate,ಕಾರ್,,,human legs walking
TW030,tu,ಹಲ್ಲು,ಪಲ್ಲ್,pall,pall,tooth,W050.jpg,body,TW029,9,Intermediate,ಪಲ್ಲ್,,,tooth
TW031,tu,ಅನ್ನ,ಅನ್ನ,anna,anna,cooked rice,W035.jpg,food,,10,Intermediate,ಅನ್ನ,,,cooked rice
TW032,tu,ಹಾಲು,ಪೇರ್,pēr,pēr,milk,W036.jpg,food,TW031,10,Intermediate,ಪೇರ್,,,glass of milk
TW033,tu,ಉಪ್ಪು,ಉಪ್ಪು,uppu,uppu,salt,W037.jpg,food,TW032,11,Intermediate,ಉಪ್ಪು,,,salt
TW034,tu,ಹಣ್ಣು,ಪರ್ಂದ್,parṁd,parṁd,fruit,W038.jpg,food,TW033,10,Intermediate,ಪರ್ಂದ್,,,assorted fruit
TW035,tu,ಮೊಸರು,ಮೊಸರು,mosaru,mosaru,curd,W040.jpg,food,TW034,11,Intermediate,ಮೊಸರು,,,curd yogurt
TW036,tu,ನೀರು,ನೀರ್,nīr,nīr,water,W023.jpg,nature,,12,Intermediate,ನೀರ್,,,glass of water
TW037,tu,ಗಾಳಿ,ಗಾಳಿ,gāḷi,gāḷi,wind,W024.jpg,nature,TW036,13,Intermediate,ಗಾಳಿ,,,windmill wind
TW038,tu,ಬೆಂಕಿ,ತೂ,tū,tū uṁḍu,fire,W025.jpg,nature,TW037,13,Intermediate,ತೂ ಉಂಡು,,there is fire,fire
TW039,tu,ಮಳೆ,ಬರ್ಸ,barsa,barsa,rain,W026.jpg,nature,TW038,12,Intermediate,ಬರ್ಸ,,,rain
TW040,tu,ಸೂರ್ಯ,ಸೂರ್ಯೆ,sūrye,sūrye,sun,W027.jpg,nature,TW039,12,Intermediate,ಸೂರ್ಯೆ,,,sun
TW041,tu,ಚಂದ್ರ,ಚಂದ್ರೆ,caṁdre,caṁdre,moon,W028.jpg,nature,TW040,12,Intermediate,ಚಂದ್ರೆ,,,moon
TW042,tu,ನಕ್ಷತ್ರ,ಬೊಳ್ಳಿ,boḷḷi,boḷḷi,star,W029.jpg,nature,TW041,13,Intermediate,ಬೊಳ್ಳಿ,,,star night sky
TW043,tu,ಮರ,ಮರ,mara,mara,tree,W030.jpg,nature,TW042,12,Intermediate,ಮರ,,,tree
TW044,tu,ಬೆಟ್ಟ,ಬೆಟ್ಟು,beṭṭu,beṭṭu,hill,W033.jpg,nature,TW043,13,Intermediate,ಬೆಟ್ಟು,,,hill
TW045,tu,ಕಡಲು,ಕಡಲ್,kaḍal,kaḍal,sea,W034.jpg,nature,TW044,13,Intermediate,ಕಡಲ್,,,sea
TW046,tu,ಒಂದು,ಒಂಜಿ,oṁji,oṁji,one,W057.jpg,numbers,,14,Intermediate,ಒಂಜಿ,,,number one
TW047,tu,ಎರಡು,ರಡ್ಡ್,raḍḍ,oṁji raḍḍ mūji,two,W058.jpg,numbers,TW046,14,Intermediate,ಒಂಜಿ ರಡ್ಡ್ ಮೂಜಿ,,"one, two, three",number two
TW048,tu,ಮೂರು,ಮೂಜಿ,mūji,mūji,three,W059.jpg,numbers,TW047,14,Intermediate,ಮೂಜಿ,,,number three
TW049,tu,ನಾಲ್ಕು,ನಾಲ್,nāl,nāl,four,W060.jpg,numbers,TW048,14,Intermediate,ನಾಲ್,,,number four
TW050,tu,ಆರು,ಆಜಿ,āji,āji,six,W062.jpg,numbers,TW049,15,Intermediate,ಆಜಿ,,,number six
TW051,tu,ಎಂಟು,ಎಣ್ಮ,eṇma,eṇma,eight,W064.jpg,numbers,TW050,15,Intermediate,ಎಣ್ಮ,,,number eight
TW052,tu,ಒಂಬತ್ತು,ಒರ್ಂಬ,orṁba,orṁba,nine,W065.jpg,numbers,TW051,15,Intermediate,ಒರ್ಂಬ,,,number nine
TW053,tu,ಹತ್ತು,ಪತ್ತ್,patt,patt,ten,W066.jpg,numbers,TW052,15,Intermediate,ಪತ್ತ್,,,number ten
TW054,tu,ಕೆಂಪು,ಕೆಂಪು,keṁpu,keṁpu,red,W051.jpg,colours,,16,Intermediate,ಕೆಂಪು,,,red colour
TW055,tu,ಹಸಿರು,ಪಚ್ಚೆ,pacce,pacce,green,W052.jpg,colours,TW054,16,Intermediate,ಪಚ್ಚೆ,,,green colour
TW056,tu,ಹಳದಿ,ಮಂಜಲ್,maṁjal,maṁjal,yellow,W053.jpg,colours,TW055,16,Intermediate,ಮಂಜಲ್,,,yellow colour
TW057,tu,ನೀಲಿ,ನೀಲಿ,nīli,nīli,blue,W054.jpg,colours,TW056,16,Intermediate,ನೀಲಿ,,,blue colour
TW058,tu,ಕಪ್ಪು,ಕಪ್ಪು,kappu,kappu,black,W055.jpg,colours,TW057,17,Intermediate,ಕಪ್ಪು,,,black colour
TW059,tu,ಬಿಳಿ,ಬೊಲ್ದು,boldu,boldu,white,W056.jpg,colours,TW058,17,Intermediate,ಬೊಲ್ದು,,,white colour
TW060,tu,ಮನೆ,ಇಲ್ಲ್,ill,ill,house,W067.jpg,home,,18,Intermediate,ಇಲ್ಲ್,,,village house
TW061,tu,ಬಾಗಿಲು,ಬಾಕಿಲ್,bākil,bākil,door,W068.jpg,home,TW060,19,Intermediate,ಬಾಕಿಲ್,,,wooden door
TW062,tu,ಕುರ್ಚಿ,ಕುರ್ಚಿ,kurci,kurci,chair,W069.jpg,home,TW061,19,Intermediate,ಕುರ್ಚಿ,,,chair
TW063,tu,ಪುಸ್ತಕ,ಪುಸ್ತಕ,pustaka,pustaka,book,W071.jpg,school,,20,Intermediate,ಪುಸ್ತಕ,,,book
TW064,tu,ಶಾಲೆ,ಶಾಲೆ,śāle,śāle,school,W072.jpg,school,TW063,20,Intermediate,ಶಾಲೆ,,,school building
TP001,tu,,ಎನ್ನ ಇಲ್ಲ್,enna ill,uṁdu enna ill,my house,W067.jpg,phrases,TW060,22,Advanced,ಉಂದು ಎನ್ನ ಇಲ್ಲ್,,my house,
TP002,tu,,ಎನ್ನ ಶಾಲೆ,enna śāle,enna śāle,my school,W072.jpg,phrases,TW064,22,Advanced,ಎನ್ನ ಶಾಲೆ,,my school,
TP003,tu,,ಒಂಜಿ ಪೆತ್ತ,oṁji petta,oṁji petta,one cow,W011.jpg,phrases,TW011,22,Advanced,ಒಂಜಿ ಪೆತ್ತ,,one cow,
TP004,tu,,ರಡ್ಡ್ ಕಣ್ಣ್,raḍḍ kaṇṇ,raḍḍ kaṇṇ uṁḍu,two eyes,W044.jpg,phrases,TW024,22,Advanced,ರಡ್ಡ್ ಕಣ್ಣ್ ಉಂಡು,,two eyes,
TP005,tu,,ಮೂಜಿ ಮೀನ್,mūji mīn,mūji mīn,three fish,W019.jpg,phrases,TW019,22,Advanced,ಮೂಜಿ ಮೀನ್,,three fish,
TP006,tu,,ಬೊಲ್ದು ಪೇರ್,boldu pēr,boldu pēr,white milk,W036.jpg,phrases,TW032,22,Advanced,ಬೊಲ್ದು ಪೇರ್,,white milk,
